-- 2020 Olympiad Teams and Leaders
insert into local.team ( university_id, name ) values ('d59707be2dac1547da8872b161f15af3cf2eb6b10eecbd056c1b7c5fce4eb34f', 'UEV_1');
insert into local.team ( university_id, name ) values ('d59707be2dac1547da8872b161f15af3cf2eb6b10eecbd056c1b7c5fce4eb34f', 'UEV_2');
insert into local.team ( university_id, name ) values ('d59707be2dac1547da8872b161f15af3cf2eb6b10eecbd056c1b7c5fce4eb34f', 'UEV_3_');

insert into local.team_leader ( team_id, leader_id ) values ( '5274cfaac126172a99c0797785505e7a090f9686e0a9eff6786e2c7611ff848f', '863165bfa2788d1a7cb743b39cb28ad382b8fcf1b80be9cd317656dafdd2c38e');
insert into local.team_leader ( team_id, leader_id ) values ( 'a5f4a63f5266c7e725b6efd8932b75fa364dc3a38c9880d3c198c31f10a319e0', '863165bfa2788d1a7cb743b39cb28ad382b8fcf1b80be9cd317656dafdd2c38e');
insert into local.team_leader ( team_id, leader_id ) values ( 'e4159cd79cd5cdf068d2df06cd55ef0ec8e5cc3f2da385ac611be0a005f43aa8', '863165bfa2788d1a7cb743b39cb28ad382b8fcf1b80be9cd317656dafdd2c38e');

insert into local.leader ( first_name, last_name, email ) values ( 'Латинка', 'Тодорова', 'l.todorova@ue-varna.bg');
insert into local.team_leader ( team_id, leader_id ) values ( '5274cfaac126172a99c0797785505e7a090f9686e0a9eff6786e2c7611ff848f', 'fbec4b0c37be59763c22741afe4b7d20234e319c25e0bcb6c51dbf3e24fc454f');
insert into local.team_leader ( team_id, leader_id ) values ( 'a5f4a63f5266c7e725b6efd8932b75fa364dc3a38c9880d3c198c31f10a319e0', 'fbec4b0c37be59763c22741afe4b7d20234e319c25e0bcb6c51dbf3e24fc454f');
insert into local.team_leader ( team_id, leader_id ) values ( 'e4159cd79cd5cdf068d2df06cd55ef0ec8e5cc3f2da385ac611be0a005f43aa8', 'fbec4b0c37be59763c22741afe4b7d20234e319c25e0bcb6c51dbf3e24fc454f');

insert into local.team ( university_id, name ) values ('f00240fcd068b36869b22a1afe9befd7868cbd21af87647a4a3ab71f63ca2c01', 'aubg_19');
insert into local.team ( university_id, name ) values ('f00240fcd068b36869b22a1afe9befd7868cbd21af87647a4a3ab71f63ca2c01', 'AUBG_2');

insert into local.leader ( first_name, last_name, email ) values ( 'Владимир', 'Георгиев', 'georgievv@aubg.com');
insert into local.team_leader ( team_id, leader_id ) values ( 'c49d6085439cb5b1bbcf52019b1c24c94dd6bcfe61c66e1cf5fc125e0c0a2eaf', 'e4effbe2e1510514136b47f001cc6a1e9a1d9fe48a9e67ebd4ffc15473dade4f');
insert into local.team_leader ( team_id, leader_id ) values ( '1b1cdd779eac07e08b22554a4ff48b2284dea0d79c8435cd4a6f45f99ac508a5', 'e4effbe2e1510514136b47f001cc6a1e9a1d9fe48a9e67ebd4ffc15473dade4f');

insert into local.team ( university_id, name ) values ('20662488c7ce97fc04ef2dbeaf1ef46ef30a85456a46b202e3ce683459b5ce88', 'NBU_Chads');
insert into local.team ( university_id, name ) values ('20662488c7ce97fc04ef2dbeaf1ef46ef30a85456a46b202e3ce683459b5ce88', 'NBU_Bonuses');
insert into local.team ( university_id, name ) values ('20662488c7ce97fc04ef2dbeaf1ef46ef30a85456a46b202e3ce683459b5ce88', 'NBU_VYAS');
insert into local.team ( university_id, name ) values ('20662488c7ce97fc04ef2dbeaf1ef46ef30a85456a46b202e3ce683459b5ce88', 'NBU_2020');

insert into local.team_leader ( team_id, leader_id ) values ( 'c12ebd73ee3f7c4a5c7305f4d77b508887f51cc6b5638827bc1f64eb4ed53642', 'b2f132512bad6e27d11d97959a9233646cda8cd43e25c80afd7f8e7782b490e5');
insert into local.team_leader ( team_id, leader_id ) values ( '32b46a4518b3999932694d77c25b2a30adc77ccbb3ea70d7db8caaeb0aca41b3', 'b2f132512bad6e27d11d97959a9233646cda8cd43e25c80afd7f8e7782b490e5');
insert into local.team_leader ( team_id, leader_id ) values ( '375d02a11f56aa4f9ead31dc2a72b66d38dbd4ba192afa1f905358a93da1a58b', 'b2f132512bad6e27d11d97959a9233646cda8cd43e25c80afd7f8e7782b490e5');
insert into local.team_leader ( team_id, leader_id ) values ( '90454a05551e9619ee7f9a8f3dd96d2fa99660d710f0d7314928afc9649bd9ba', 'b2f132512bad6e27d11d97959a9233646cda8cd43e25c80afd7f8e7782b490e5');

insert into local.team ( university_id, name ) values ('94c0709e7dfd6eaf2c17d0260f6cdd399798e04764a9b7e4b9e6eaa4c8134dcd', 'FMI_01');
insert into local.team ( university_id, name ) values ('94c0709e7dfd6eaf2c17d0260f6cdd399798e04764a9b7e4b9e6eaa4c8134dcd', 'real_fmi_02');
insert into local.team ( university_id, name ) values ('94c0709e7dfd6eaf2c17d0260f6cdd399798e04764a9b7e4b9e6eaa4c8134dcd', 'fmi_03_2020');
insert into local.team ( university_id, name ) values ('94c0709e7dfd6eaf2c17d0260f6cdd399798e04764a9b7e4b9e6eaa4c8134dcd', 'FMI_04');

insert into local.leader (first_name, last_name, email) values ( 'Милен', 'Петров', 'mpetrov@fmi.uni-sofia.bg');
insert into local.team_leader ( team_id, leader_id ) values ( '807a4f6c078f4819ddcaa0453dfee21db045c82e2947d20b0eda0d2a2b3e1976', '2a1c21eba03e4d3f3751beaa0c23793ce007feb7375391ceafe7398b4926b234');
insert into local.team_leader ( team_id, leader_id ) values ( 'e0f243de31976f7835a2e82ee2c9318d058903d9c81e17452892e66d72bea0c3', '2a1c21eba03e4d3f3751beaa0c23793ce007feb7375391ceafe7398b4926b234');
insert into local.team_leader ( team_id, leader_id ) values ( '2516d4d07105fecf5ffa8a56f49cd598de81da4480ebf0535dd98c082a3d6805', '2a1c21eba03e4d3f3751beaa0c23793ce007feb7375391ceafe7398b4926b234');
insert into local.team_leader ( team_id, leader_id ) values ( '4cf2d1da8931df6000ddd633e7ccb488d0b737182349cb13ea4a843a9b59bd1b', '2a1c21eba03e4d3f3751beaa0c23793ce007feb7375391ceafe7398b4926b234');

insert into local.team ( university_id, name ) values ('f25400b0e663f7f3ba701a6955a49aabfd7ed0a1b5257fc23a134eb9a081d8c7', 'RU_1_2020');
insert into local.team ( university_id, name ) values ('f25400b0e663f7f3ba701a6955a49aabfd7ed0a1b5257fc23a134eb9a081d8c7', 'ru_2_2020');
insert into local.team ( university_id, name ) values ('f25400b0e663f7f3ba701a6955a49aabfd7ed0a1b5257fc23a134eb9a081d8c7', 'RU_3_2020');

insert into local.team_leader ( team_id, leader_id ) values ( '13110b2a292b38f67c7132bd67f08208fae266c2023c8e206cf5a42f0421a26e', '865f7e120c41d1b3fe0d48ea676d203a24952d7c6650b8536b4eb8c5e0d9c8c9');
insert into local.team_leader ( team_id, leader_id ) values ( 'b796ad56a0598f49b637e892eb826468d1be3375e6f193b005d6bcc4fa67b4f6', '865f7e120c41d1b3fe0d48ea676d203a24952d7c6650b8536b4eb8c5e0d9c8c9');
insert into local.team_leader ( team_id, leader_id ) values ( '5dcd04c3756a49e9859aa9ab917a25fae674b228b3260affbcc71b06a317ac7c', '865f7e120c41d1b3fe0d48ea676d203a24952d7c6650b8536b4eb8c5e0d9c8c9');

insert into local.team_leader ( team_id, leader_id ) values ( '13110b2a292b38f67c7132bd67f08208fae266c2023c8e206cf5a42f0421a26e', '8cff1528a43902fd03f1f63965c2ab0f80e9890c3e867cca9f87535d278de8cd');
insert into local.team_leader ( team_id, leader_id ) values ( 'b796ad56a0598f49b637e892eb826468d1be3375e6f193b005d6bcc4fa67b4f6', '8cff1528a43902fd03f1f63965c2ab0f80e9890c3e867cca9f87535d278de8cd');
insert into local.team_leader ( team_id, leader_id ) values ( '5dcd04c3756a49e9859aa9ab917a25fae674b228b3260affbcc71b06a317ac7c', '8cff1528a43902fd03f1f63965c2ab0f80e9890c3e867cca9f87535d278de8cd');

insert into local.team ( university_id, name ) values ('e66c27b0bb0aef552ae27acdc0bef0360450b7a9ce26896245c205ef278572d3', 'BFU_1_RSOP_2020');
insert into local.team ( university_id, name ) values ('e66c27b0bb0aef552ae27acdc0bef0360450b7a9ce26896245c205ef278572d3', 'BFU_2_RSOP_2020');

insert into local.team_leader ( team_id, leader_id ) values ( 'e68d3dcffcd4747d556aceb6b77f8d326ef2f791a2ce893823cfbecd063daa6e', '9812ac71644988a5a7d3722d8c92642b8664e1ad1ebf93d57591c58fbe8a3a40');
insert into local.team_leader ( team_id, leader_id ) values ( 'f1cba2d9fd797fe005aa3b27220601aed75936a311842e9bc8056fd0fc88d139', '9812ac71644988a5a7d3722d8c92642b8664e1ad1ebf93d57591c58fbe8a3a40');

insert into local.team ( university_id, name ) values ('fddf6f8bd63a0343224fdfd6a45e46dc2299c656d97c962adb92db7a65c619cc', 'Unibit_1');
insert into local.team ( university_id, name ) values ('fddf6f8bd63a0343224fdfd6a45e46dc2299c656d97c962adb92db7a65c619cc', 'Unibit_2');
insert into local.team ( university_id, name ) values ('fddf6f8bd63a0343224fdfd6a45e46dc2299c656d97c962adb92db7a65c619cc', 'Unibit_3');

insert into local.leader (first_name, last_name, email) values ( 'Васил', 'Тотев', 'vasil.totev@uni-bit.bg');
insert into local.leader (first_name, last_name, email) values ( 'Ива', 'Костадинова', 'iva.kostadinova@uni-bit.bg');

insert into local.team_leader ( team_id, leader_id ) values ( 'c8fd041cce71c722fa29a076607327be109189079719d53c84f41c8190943fcc', '97dedd1abe36d867055ab4c7c066716107e3e22879a85564f49bc386c9f313e9');
insert into local.team_leader ( team_id, leader_id ) values ( 'f9e38d2c1c71e4bddc3ef2e5bff36204255964972e931382838a484fc1fb8dd5', '97dedd1abe36d867055ab4c7c066716107e3e22879a85564f49bc386c9f313e9');
insert into local.team_leader ( team_id, leader_id ) values ( '4b625f1c47beb8873e8f95a2d81b09ef21944f21094d0b3ad2d8dfcfbda5d45f', '97dedd1abe36d867055ab4c7c066716107e3e22879a85564f49bc386c9f313e9');

insert into local.team ( university_id, name ) values ('a6d9ac5ed848edd7216377058b876433442dee20322ec55ca21ffc2c24be831c', 'SHU_ViVin');
insert into local.team ( university_id, name ) values ('a6d9ac5ed848edd7216377058b876433442dee20322ec55ca21ffc2c24be831c', 'SHU_Tzar');

insert into local.team_leader ( team_id, leader_id ) values ( '4e2b88075d809f1d802199c3eddc4d52164a11df1e6e0748705b3d614c88808f', '38eadb2530c0b26cfcde6506b4a44ca6e22d9265ac104e4cee0185e74d681869');
insert into local.team_leader ( team_id, leader_id ) values ( '8bf87e671137abaa54d61e1fbdfe47eb5043273c0b31f14e90aea8d0fb5bbeea', '38eadb2530c0b26cfcde6506b4a44ca6e22d9265ac104e4cee0185e74d681869');

insert into local.team ( university_id, name ) values ('13a197b9def517c194a6d4a9996f622c7de2ba14b5b638739471d43f4526a927', 'TUV_1');
insert into local.team ( university_id, name ) values ('13a197b9def517c194a6d4a9996f622c7de2ba14b5b638739471d43f4526a927', 'TUV_2');

insert into local.leader (first_name, last_name, email) values ( 'Ивелин', 'Ковачев', 'ivelin.kovachev@tuv.bg');
insert into local.team_leader ( team_id, leader_id ) values ( 'ea5af1a6d603a95103f6420b791a264a80dc723ca484af44d42f5241866ebfba', '7b51c67fd9e7d227cf70439afd78f328f0290aaf0a54b497d5a339ff0d82e6db');
insert into local.team_leader ( team_id, leader_id ) values ( '45e200e007ec7a0accbd68c9ab06f19a8380b2edbf2445680db38c1bb8cd18a7', '7b51c67fd9e7d227cf70439afd78f328f0290aaf0a54b497d5a339ff0d82e6db');

insert into local.team ( university_id, name ) values ('8aea7dfde73555e8654ceb1dfb639028500200802bbc9dd4b076f800549c3dbb', 'SWU_1_2020');
insert into local.team ( university_id, name ) values ('8aea7dfde73555e8654ceb1dfb639028500200802bbc9dd4b076f800549c3dbb', 'SWU_2_2020');

insert into local.leader (first_name, last_name, email) values ( 'Велин', 'Кралев', 'valin.kralev@swu.bg');
insert into local.team_leader ( team_id, leader_id ) values ( '7d8696180cf573bfc0e9a0209cf1b81da2a19380e73d841b464a6d553d4f5b0d', '34b1394983a9f5b047a2b22e0f85489e01b4132735f1c9a82abc0628a1d094b1');
insert into local.team_leader ( team_id, leader_id ) values ( '115113bb1dce75e6a51700448500ea8cf14d048088f6f4093874879a9b16d875', '34b1394983a9f5b047a2b22e0f85489e01b4132735f1c9a82abc0628a1d094b1');

-- 2020 Olympiad Team Participations
insert into local.participation (team_id, olympiad_id) values ('5274cfaac126172a99c0797785505e7a090f9686e0a9eff6786e2c7611ff848f', 'a6bdaf9371cba9cc7e284f68cba124336f311d0c8e7d8e4a9f46d3aa3434cf6a' );
insert into local.participation (team_id, olympiad_id) values ('a5f4a63f5266c7e725b6efd8932b75fa364dc3a38c9880d3c198c31f10a319e0', 'a6bdaf9371cba9cc7e284f68cba124336f311d0c8e7d8e4a9f46d3aa3434cf6a' );
insert into local.participation (team_id, olympiad_id) values ('e4159cd79cd5cdf068d2df06cd55ef0ec8e5cc3f2da385ac611be0a005f43aa8', 'a6bdaf9371cba9cc7e284f68cba124336f311d0c8e7d8e4a9f46d3aa3434cf6a' );
insert into local.participation (team_id, olympiad_id) values ('c49d6085439cb5b1bbcf52019b1c24c94dd6bcfe61c66e1cf5fc125e0c0a2eaf', 'a6bdaf9371cba9cc7e284f68cba124336f311d0c8e7d8e4a9f46d3aa3434cf6a' );
insert into local.participation (team_id, olympiad_id) values ('1b1cdd779eac07e08b22554a4ff48b2284dea0d79c8435cd4a6f45f99ac508a5', 'a6bdaf9371cba9cc7e284f68cba124336f311d0c8e7d8e4a9f46d3aa3434cf6a' );
insert into local.participation (team_id, olympiad_id) values ('375d02a11f56aa4f9ead31dc2a72b66d38dbd4ba192afa1f905358a93da1a58b', 'a6bdaf9371cba9cc7e284f68cba124336f311d0c8e7d8e4a9f46d3aa3434cf6a' );
insert into local.participation (team_id, olympiad_id) values ('32b46a4518b3999932694d77c25b2a30adc77ccbb3ea70d7db8caaeb0aca41b3', 'a6bdaf9371cba9cc7e284f68cba124336f311d0c8e7d8e4a9f46d3aa3434cf6a' );
insert into local.participation (team_id, olympiad_id) values ('90454a05551e9619ee7f9a8f3dd96d2fa99660d710f0d7314928afc9649bd9ba', 'a6bdaf9371cba9cc7e284f68cba124336f311d0c8e7d8e4a9f46d3aa3434cf6a' );
insert into local.participation (team_id, olympiad_id) values ('c12ebd73ee3f7c4a5c7305f4d77b508887f51cc6b5638827bc1f64eb4ed53642', 'a6bdaf9371cba9cc7e284f68cba124336f311d0c8e7d8e4a9f46d3aa3434cf6a' );
insert into local.participation (team_id, olympiad_id) values ('807a4f6c078f4819ddcaa0453dfee21db045c82e2947d20b0eda0d2a2b3e1976', 'a6bdaf9371cba9cc7e284f68cba124336f311d0c8e7d8e4a9f46d3aa3434cf6a' );
insert into local.participation (team_id, olympiad_id) values ('4cf2d1da8931df6000ddd633e7ccb488d0b737182349cb13ea4a843a9b59bd1b', 'a6bdaf9371cba9cc7e284f68cba124336f311d0c8e7d8e4a9f46d3aa3434cf6a' );
insert into local.participation (team_id, olympiad_id) values ('e0f243de31976f7835a2e82ee2c9318d058903d9c81e17452892e66d72bea0c3', 'a6bdaf9371cba9cc7e284f68cba124336f311d0c8e7d8e4a9f46d3aa3434cf6a' );
insert into local.participation (team_id, olympiad_id) values ('2516d4d07105fecf5ffa8a56f49cd598de81da4480ebf0535dd98c082a3d6805', 'a6bdaf9371cba9cc7e284f68cba124336f311d0c8e7d8e4a9f46d3aa3434cf6a' );
insert into local.participation (team_id, olympiad_id) values ('13110b2a292b38f67c7132bd67f08208fae266c2023c8e206cf5a42f0421a26e', 'a6bdaf9371cba9cc7e284f68cba124336f311d0c8e7d8e4a9f46d3aa3434cf6a' );
insert into local.participation (team_id, olympiad_id) values ('b796ad56a0598f49b637e892eb826468d1be3375e6f193b005d6bcc4fa67b4f6', 'a6bdaf9371cba9cc7e284f68cba124336f311d0c8e7d8e4a9f46d3aa3434cf6a' );
insert into local.participation (team_id, olympiad_id) values ('5dcd04c3756a49e9859aa9ab917a25fae674b228b3260affbcc71b06a317ac7c', 'a6bdaf9371cba9cc7e284f68cba124336f311d0c8e7d8e4a9f46d3aa3434cf6a' );
insert into local.participation (team_id, olympiad_id) values ('e68d3dcffcd4747d556aceb6b77f8d326ef2f791a2ce893823cfbecd063daa6e', 'a6bdaf9371cba9cc7e284f68cba124336f311d0c8e7d8e4a9f46d3aa3434cf6a' );
insert into local.participation (team_id, olympiad_id) values ('f1cba2d9fd797fe005aa3b27220601aed75936a311842e9bc8056fd0fc88d139', 'a6bdaf9371cba9cc7e284f68cba124336f311d0c8e7d8e4a9f46d3aa3434cf6a' );
insert into local.participation (team_id, olympiad_id) values ('c8fd041cce71c722fa29a076607327be109189079719d53c84f41c8190943fcc', 'a6bdaf9371cba9cc7e284f68cba124336f311d0c8e7d8e4a9f46d3aa3434cf6a' );
insert into local.participation (team_id, olympiad_id) values ('f9e38d2c1c71e4bddc3ef2e5bff36204255964972e931382838a484fc1fb8dd5', 'a6bdaf9371cba9cc7e284f68cba124336f311d0c8e7d8e4a9f46d3aa3434cf6a' );
insert into local.participation (team_id, olympiad_id) values ('4b625f1c47beb8873e8f95a2d81b09ef21944f21094d0b3ad2d8dfcfbda5d45f', 'a6bdaf9371cba9cc7e284f68cba124336f311d0c8e7d8e4a9f46d3aa3434cf6a' );
insert into local.participation (team_id, olympiad_id) values ('8bf87e671137abaa54d61e1fbdfe47eb5043273c0b31f14e90aea8d0fb5bbeea', 'a6bdaf9371cba9cc7e284f68cba124336f311d0c8e7d8e4a9f46d3aa3434cf6a' );
insert into local.participation (team_id, olympiad_id) values ('4e2b88075d809f1d802199c3eddc4d52164a11df1e6e0748705b3d614c88808f', 'a6bdaf9371cba9cc7e284f68cba124336f311d0c8e7d8e4a9f46d3aa3434cf6a' );
insert into local.participation (team_id, olympiad_id) values ('45e200e007ec7a0accbd68c9ab06f19a8380b2edbf2445680db38c1bb8cd18a7', 'a6bdaf9371cba9cc7e284f68cba124336f311d0c8e7d8e4a9f46d3aa3434cf6a' );
insert into local.participation (team_id, olympiad_id) values ('ea5af1a6d603a95103f6420b791a264a80dc723ca484af44d42f5241866ebfba', 'a6bdaf9371cba9cc7e284f68cba124336f311d0c8e7d8e4a9f46d3aa3434cf6a' );
insert into local.participation (team_id, olympiad_id) values ('7d8696180cf573bfc0e9a0209cf1b81da2a19380e73d841b464a6d553d4f5b0d', 'a6bdaf9371cba9cc7e284f68cba124336f311d0c8e7d8e4a9f46d3aa3434cf6a' );
insert into local.participation (team_id, olympiad_id) values ('115113bb1dce75e6a51700448500ea8cf14d048088f6f4093874879a9b16d875', 'a6bdaf9371cba9cc7e284f68cba124336f311d0c8e7d8e4a9f46d3aa3434cf6a' );

-- 2020 Olympiad Team Submissions
insert into local.submission ( participation_id, task_id, trials_count, minutes_since_start, is_solved ) values ('d8719b9f272ad16cac1e85153a20e7e10ad31ea78c01200f9e0ed475aa5737d8', '4f765ded5b2118850150ca570071e650cf41860fede262eabeabb225f6b0160a', 1, 7, true);
insert into local.submission ( participation_id, task_id, trials_count, minutes_since_start, is_solved ) values ('d8719b9f272ad16cac1e85153a20e7e10ad31ea78c01200f9e0ed475aa5737d8', '99a9b3323d67e9ce12e1a2cc9b4296299a584df6a363d433e06d026ff8d5fc8d', 1, 61, true);
insert into local.submission ( participation_id, task_id, trials_count, minutes_since_start, is_solved ) values ('d8719b9f272ad16cac1e85153a20e7e10ad31ea78c01200f9e0ed475aa5737d8', 'de9975eef72d35cb3436540022ed5636a9f6f4734254493a9d868bdf1fdc804c', 1, 60, true);
insert into local.submission ( participation_id, task_id, trials_count, minutes_since_start, is_solved ) values ('d8719b9f272ad16cac1e85153a20e7e10ad31ea78c01200f9e0ed475aa5737d8', '1a9e64d9b675ff676a1cf08f9de5ce02747b124e9bcfdf2620a32fd0465a1b18', 2, 11, true);
insert into local.submission ( participation_id, task_id, trials_count, minutes_since_start, is_solved ) values ('d8719b9f272ad16cac1e85153a20e7e10ad31ea78c01200f9e0ed475aa5737d8', '648cf9b7299598f655a406d5e552a8d8bf5ecf3dd3e0858c980e0e74860b1ec0', 3, 58, true);
insert into local.submission ( participation_id, task_id, trials_count, minutes_since_start, is_solved ) values ('d8719b9f272ad16cac1e85153a20e7e10ad31ea78c01200f9e0ed475aa5737d8', 'cdc165f3e4eec957b38df5cb4a6f05afa572927e6abee277677336819dc9bd00', 1, 25, true);
insert into local.submission ( participation_id, task_id, trials_count, minutes_since_start, is_solved ) values ('d8719b9f272ad16cac1e85153a20e7e10ad31ea78c01200f9e0ed475aa5737d8', 'd7300edcf501f14972913036719deea40c21ffa71540932c683c75950c492d1c', 2, 29, true);
insert into local.submission ( participation_id, task_id, trials_count, minutes_since_start, is_solved ) values ('d8719b9f272ad16cac1e85153a20e7e10ad31ea78c01200f9e0ed475aa5737d8', 'fc97bcdce5d251741592639eb05c6a15fcf7f35e988a86175fd144e3f1fb82fd', 9, 159, true);
insert into local.submission ( participation_id, task_id, trials_count, minutes_since_start, is_solved ) values ('d8719b9f272ad16cac1e85153a20e7e10ad31ea78c01200f9e0ed475aa5737d8', 'a8e88d814b88c5e9aaab79db2b2cd68193daa42b5e59794cce0fa2681c2738d5', 1, 6, true);
insert into local.submission ( participation_id, task_id, trials_count, minutes_since_start, is_solved ) values ('d8719b9f272ad16cac1e85153a20e7e10ad31ea78c01200f9e0ed475aa5737d8', '6a562f249f1633e4af75aa23951a97fdb1354a8fd6ce642cbd0efe9aea7d8f69', 1, 36, true);
insert into local.submission ( participation_id, task_id, trials_count, minutes_since_start, is_solved ) values ('d8719b9f272ad16cac1e85153a20e7e10ad31ea78c01200f9e0ed475aa5737d8', 'a4a9b89873693acad42864b349c281901d6b7ff14de79c65f4da4100ad2d8878', 1, 92, true);
insert into local.submission ( participation_id, task_id, trials_count, minutes_since_start, is_solved ) values ('d8719b9f272ad16cac1e85153a20e7e10ad31ea78c01200f9e0ed475aa5737d8', 'a58f8628bf321f4426e92d65d18e781c47f5a89db2b4723ccdb763a62ec6c10d', 3, 110, true);

insert into local.submission ( participation_id, task_id, trials_count, minutes_since_start, is_solved ) values ('9aaac1cf7c796872e21aaec5f1c7bfe16201351c939cae9c2809bb97fb71bbf3', '4f765ded5b2118850150ca570071e650cf41860fede262eabeabb225f6b0160a', 1, 7, true);
insert into local.submission ( participation_id, task_id, trials_count, minutes_since_start, is_solved ) values ('9aaac1cf7c796872e21aaec5f1c7bfe16201351c939cae9c2809bb97fb71bbf3', '99a9b3323d67e9ce12e1a2cc9b4296299a584df6a363d433e06d026ff8d5fc8d', 6, 6, true);
insert into local.submission ( participation_id, task_id, trials_count, minutes_since_start, is_solved ) values ('9aaac1cf7c796872e21aaec5f1c7bfe16201351c939cae9c2809bb97fb71bbf3', 'de9975eef72d35cb3436540022ed5636a9f6f4734254493a9d868bdf1fdc804c', 5, 205, true);
insert into local.submission ( participation_id, task_id, trials_count, minutes_since_start, is_solved ) values ('9aaac1cf7c796872e21aaec5f1c7bfe16201351c939cae9c2809bb97fb71bbf3', '1a9e64d9b675ff676a1cf08f9de5ce02747b124e9bcfdf2620a32fd0465a1b18', 1, 10, true);
insert into local.submission ( participation_id, task_id, trials_count, minutes_since_start, is_solved ) values ('9aaac1cf7c796872e21aaec5f1c7bfe16201351c939cae9c2809bb97fb71bbf3', '648cf9b7299598f655a406d5e552a8d8bf5ecf3dd3e0858c980e0e74860b1ec0', 3, 64, true);
insert into local.submission ( participation_id, task_id, trials_count, minutes_since_start, is_solved ) values ('9aaac1cf7c796872e21aaec5f1c7bfe16201351c939cae9c2809bb97fb71bbf3', 'cdc165f3e4eec957b38df5cb4a6f05afa572927e6abee277677336819dc9bd00', 1, 43, true);
insert into local.submission ( participation_id, task_id, trials_count, minutes_since_start, is_solved ) values ('9aaac1cf7c796872e21aaec5f1c7bfe16201351c939cae9c2809bb97fb71bbf3', 'd7300edcf501f14972913036719deea40c21ffa71540932c683c75950c492d1c', 1, 61, true);
insert into local.submission ( participation_id, task_id, trials_count, minutes_since_start, is_solved ) values ('9aaac1cf7c796872e21aaec5f1c7bfe16201351c939cae9c2809bb97fb71bbf3', 'fc97bcdce5d251741592639eb05c6a15fcf7f35e988a86175fd144e3f1fb82fd', 2, 83, true);
insert into local.submission ( participation_id, task_id, trials_count, minutes_since_start, is_solved ) values ('9aaac1cf7c796872e21aaec5f1c7bfe16201351c939cae9c2809bb97fb71bbf3', 'a8e88d814b88c5e9aaab79db2b2cd68193daa42b5e59794cce0fa2681c2738d5', 1, 5, true);
insert into local.submission ( participation_id, task_id, trials_count, minutes_since_start, is_solved ) values ('9aaac1cf7c796872e21aaec5f1c7bfe16201351c939cae9c2809bb97fb71bbf3', '6a562f249f1633e4af75aa23951a97fdb1354a8fd6ce642cbd0efe9aea7d8f69', 1, 20, true);
insert into local.submission ( participation_id, task_id, trials_count, minutes_since_start, is_solved ) values ('9aaac1cf7c796872e21aaec5f1c7bfe16201351c939cae9c2809bb97fb71bbf3', 'a4a9b89873693acad42864b349c281901d6b7ff14de79c65f4da4100ad2d8878', 1, 194, true);
insert into local.submission ( participation_id, task_id, trials_count, minutes_since_start, is_solved ) values ('9aaac1cf7c796872e21aaec5f1c7bfe16201351c939cae9c2809bb97fb71bbf3', 'a58f8628bf321f4426e92d65d18e781c47f5a89db2b4723ccdb763a62ec6c10d', 1, 96, true);

insert into local.submission ( participation_id, task_id, trials_count, minutes_since_start, is_solved ) values ('676dac6060e1e394c1f13f5d2e48eb56ad626d4f918fb720c29d7d061723873a', '4f765ded5b2118850150ca570071e650cf41860fede262eabeabb225f6b0160a', 1, 11, true);
insert into local.submission ( participation_id, task_id, trials_count, minutes_since_start, is_solved ) values ('676dac6060e1e394c1f13f5d2e48eb56ad626d4f918fb720c29d7d061723873a', '99a9b3323d67e9ce12e1a2cc9b4296299a584df6a363d433e06d026ff8d5fc8d', 12, 0, false);
insert into local.submission ( participation_id, task_id, trials_count, minutes_since_start, is_solved ) values ('676dac6060e1e394c1f13f5d2e48eb56ad626d4f918fb720c29d7d061723873a', 'de9975eef72d35cb3436540022ed5636a9f6f4734254493a9d868bdf1fdc804c', 5, 159, true);
insert into local.submission ( participation_id, task_id, trials_count, minutes_since_start, is_solved ) values ('676dac6060e1e394c1f13f5d2e48eb56ad626d4f918fb720c29d7d061723873a', '1a9e64d9b675ff676a1cf08f9de5ce02747b124e9bcfdf2620a32fd0465a1b18', 2, 9, true);
insert into local.submission ( participation_id, task_id, trials_count, minutes_since_start, is_solved ) values ('676dac6060e1e394c1f13f5d2e48eb56ad626d4f918fb720c29d7d061723873a', '648cf9b7299598f655a406d5e552a8d8bf5ecf3dd3e0858c980e0e74860b1ec0', 3, 106, true);
insert into local.submission ( participation_id, task_id, trials_count, minutes_since_start, is_solved ) values ('676dac6060e1e394c1f13f5d2e48eb56ad626d4f918fb720c29d7d061723873a', 'cdc165f3e4eec957b38df5cb4a6f05afa572927e6abee277677336819dc9bd00', 1, 67, true);
insert into local.submission ( participation_id, task_id, trials_count, minutes_since_start, is_solved ) values ('676dac6060e1e394c1f13f5d2e48eb56ad626d4f918fb720c29d7d061723873a', 'd7300edcf501f14972913036719deea40c21ffa71540932c683c75950c492d1c', 5, 272, true);
insert into local.submission ( participation_id, task_id, trials_count, minutes_since_start, is_solved ) values ('676dac6060e1e394c1f13f5d2e48eb56ad626d4f918fb720c29d7d061723873a', 'a8e88d814b88c5e9aaab79db2b2cd68193daa42b5e59794cce0fa2681c2738d5', 3, 42, true);
insert into local.submission ( participation_id, task_id, trials_count, minutes_since_start, is_solved ) values ('676dac6060e1e394c1f13f5d2e48eb56ad626d4f918fb720c29d7d061723873a', '6a562f249f1633e4af75aa23951a97fdb1354a8fd6ce642cbd0efe9aea7d8f69', 1, 164, true);
insert into local.submission ( participation_id, task_id, trials_count, minutes_since_start, is_solved ) values ('676dac6060e1e394c1f13f5d2e48eb56ad626d4f918fb720c29d7d061723873a', 'a58f8628bf321f4426e92d65d18e781c47f5a89db2b4723ccdb763a62ec6c10d', 12, 211, true);

insert into local.submission ( participation_id, task_id, trials_count, minutes_since_start, is_solved ) values ('57aae125280dd1715ecaef24a436cad41cca4da3a29b0ab30ae5235794d1b0e1', '4f765ded5b2118850150ca570071e650cf41860fede262eabeabb225f6b0160a', 1, 18, true);
insert into local.submission ( participation_id, task_id, trials_count, minutes_since_start, is_solved ) values ('57aae125280dd1715ecaef24a436cad41cca4da3a29b0ab30ae5235794d1b0e1', '99a9b3323d67e9ce12e1a2cc9b4296299a584df6a363d433e06d026ff8d5fc8d', 12, 257, true);
insert into local.submission ( participation_id, task_id, trials_count, minutes_since_start, is_solved ) values ('57aae125280dd1715ecaef24a436cad41cca4da3a29b0ab30ae5235794d1b0e1', 'de9975eef72d35cb3436540022ed5636a9f6f4734254493a9d868bdf1fdc804c', 3, 161, true);
insert into local.submission ( participation_id, task_id, trials_count, minutes_since_start, is_solved ) values ('57aae125280dd1715ecaef24a436cad41cca4da3a29b0ab30ae5235794d1b0e1', '1a9e64d9b675ff676a1cf08f9de5ce02747b124e9bcfdf2620a32fd0465a1b18', 1, 24, true);
insert into local.submission ( participation_id, task_id, trials_count, minutes_since_start, is_solved ) values ('57aae125280dd1715ecaef24a436cad41cca4da3a29b0ab30ae5235794d1b0e1', '648cf9b7299598f655a406d5e552a8d8bf5ecf3dd3e0858c980e0e74860b1ec0', 2, 277, true);
insert into local.submission ( participation_id, task_id, trials_count, minutes_since_start, is_solved ) values ('57aae125280dd1715ecaef24a436cad41cca4da3a29b0ab30ae5235794d1b0e1', 'cdc165f3e4eec957b38df5cb4a6f05afa572927e6abee277677336819dc9bd00', 1, 41, true);
insert into local.submission ( participation_id, task_id, trials_count, minutes_since_start, is_solved ) values ('57aae125280dd1715ecaef24a436cad41cca4da3a29b0ab30ae5235794d1b0e1', 'd7300edcf501f14972913036719deea40c21ffa71540932c683c75950c492d1c', 5, 176, true);
insert into local.submission ( participation_id, task_id, trials_count, minutes_since_start, is_solved ) values ('57aae125280dd1715ecaef24a436cad41cca4da3a29b0ab30ae5235794d1b0e1', 'a8e88d814b88c5e9aaab79db2b2cd68193daa42b5e59794cce0fa2681c2738d5', 4, 121, true);
insert into local.submission ( participation_id, task_id, trials_count, minutes_since_start, is_solved ) values ('57aae125280dd1715ecaef24a436cad41cca4da3a29b0ab30ae5235794d1b0e1', '6a562f249f1633e4af75aa23951a97fdb1354a8fd6ce642cbd0efe9aea7d8f69', 1, 52, true);
insert into local.submission ( participation_id, task_id, trials_count, minutes_since_start, is_solved ) values ('57aae125280dd1715ecaef24a436cad41cca4da3a29b0ab30ae5235794d1b0e1', 'a58f8628bf321f4426e92d65d18e781c47f5a89db2b4723ccdb763a62ec6c10d', 3, 0, false);

insert into local.submission ( participation_id, task_id, trials_count, minutes_since_start, is_solved ) values ('1421f0a5ca1a765a77da59b64599805a94243d41015b0ea2f019e721c50a1b56', '4f765ded5b2118850150ca570071e650cf41860fede262eabeabb225f6b0160a', 1, 4, true);
insert into local.submission ( participation_id, task_id, trials_count, minutes_since_start, is_solved ) values ('1421f0a5ca1a765a77da59b64599805a94243d41015b0ea2f019e721c50a1b56', 'de9975eef72d35cb3436540022ed5636a9f6f4734254493a9d868bdf1fdc804c', 1, 104, true);
insert into local.submission ( participation_id, task_id, trials_count, minutes_since_start, is_solved ) values ('1421f0a5ca1a765a77da59b64599805a94243d41015b0ea2f019e721c50a1b56', '1a9e64d9b675ff676a1cf08f9de5ce02747b124e9bcfdf2620a32fd0465a1b18', 4, 58, true);
insert into local.submission ( participation_id, task_id, trials_count, minutes_since_start, is_solved ) values ('1421f0a5ca1a765a77da59b64599805a94243d41015b0ea2f019e721c50a1b56', '648cf9b7299598f655a406d5e552a8d8bf5ecf3dd3e0858c980e0e74860b1ec0', 2, 83, true);
insert into local.submission ( participation_id, task_id, trials_count, minutes_since_start, is_solved ) values ('1421f0a5ca1a765a77da59b64599805a94243d41015b0ea2f019e721c50a1b56', 'cdc165f3e4eec957b38df5cb4a6f05afa572927e6abee277677336819dc9bd00', 2, 72, true);
insert into local.submission ( participation_id, task_id, trials_count, minutes_since_start, is_solved ) values ('1421f0a5ca1a765a77da59b64599805a94243d41015b0ea2f019e721c50a1b56', 'd7300edcf501f14972913036719deea40c21ffa71540932c683c75950c492d1c', 3, 138, true);
insert into local.submission ( participation_id, task_id, trials_count, minutes_since_start, is_solved ) values ('1421f0a5ca1a765a77da59b64599805a94243d41015b0ea2f019e721c50a1b56', 'fc97bcdce5d251741592639eb05c6a15fcf7f35e988a86175fd144e3f1fb82fd', 12, 0, false);
insert into local.submission ( participation_id, task_id, trials_count, minutes_since_start, is_solved ) values ('1421f0a5ca1a765a77da59b64599805a94243d41015b0ea2f019e721c50a1b56', 'a8e88d814b88c5e9aaab79db2b2cd68193daa42b5e59794cce0fa2681c2738d5', 3, 22, true);
insert into local.submission ( participation_id, task_id, trials_count, minutes_since_start, is_solved ) values ('1421f0a5ca1a765a77da59b64599805a94243d41015b0ea2f019e721c50a1b56', '6a562f249f1633e4af75aa23951a97fdb1354a8fd6ce642cbd0efe9aea7d8f69', 11, 0, false);
insert into local.submission ( participation_id, task_id, trials_count, minutes_since_start, is_solved ) values ('1421f0a5ca1a765a77da59b64599805a94243d41015b0ea2f019e721c50a1b56', 'a58f8628bf321f4426e92d65d18e781c47f5a89db2b4723ccdb763a62ec6c10d', 1, 227, true);

insert into local.submission ( participation_id, task_id, trials_count, minutes_since_start, is_solved ) values ('75e5504c1a54400561bfbd53410bca4b87447d27cae90ec89cf3fa6b914ed994', '4f765ded5b2118850150ca570071e650cf41860fede262eabeabb225f6b0160a', 1, 3, true);
insert into local.submission ( participation_id, task_id, trials_count, minutes_since_start, is_solved ) values ('75e5504c1a54400561bfbd53410bca4b87447d27cae90ec89cf3fa6b914ed994', '99a9b3323d67e9ce12e1a2cc9b4296299a584df6a363d433e06d026ff8d5fc8d', 9, 0, false);
insert into local.submission ( participation_id, task_id, trials_count, minutes_since_start, is_solved ) values ('75e5504c1a54400561bfbd53410bca4b87447d27cae90ec89cf3fa6b914ed994', 'de9975eef72d35cb3436540022ed5636a9f6f4734254493a9d868bdf1fdc804c', 4, 257, true);
insert into local.submission ( participation_id, task_id, trials_count, minutes_since_start, is_solved ) values ('75e5504c1a54400561bfbd53410bca4b87447d27cae90ec89cf3fa6b914ed994', '1a9e64d9b675ff676a1cf08f9de5ce02747b124e9bcfdf2620a32fd0465a1b18', 1, 19, true);
insert into local.submission ( participation_id, task_id, trials_count, minutes_since_start, is_solved ) values ('75e5504c1a54400561bfbd53410bca4b87447d27cae90ec89cf3fa6b914ed994', '648cf9b7299598f655a406d5e552a8d8bf5ecf3dd3e0858c980e0e74860b1ec0', 1, 110, true);
insert into local.submission ( participation_id, task_id, trials_count, minutes_since_start, is_solved ) values ('75e5504c1a54400561bfbd53410bca4b87447d27cae90ec89cf3fa6b914ed994', 'cdc165f3e4eec957b38df5cb4a6f05afa572927e6abee277677336819dc9bd00', 1, 43, true);
insert into local.submission ( participation_id, task_id, trials_count, minutes_since_start, is_solved ) values ('75e5504c1a54400561bfbd53410bca4b87447d27cae90ec89cf3fa6b914ed994', 'd7300edcf501f14972913036719deea40c21ffa71540932c683c75950c492d1c', 3, 159, true);
insert into local.submission ( participation_id, task_id, trials_count, minutes_since_start, is_solved ) values ('75e5504c1a54400561bfbd53410bca4b87447d27cae90ec89cf3fa6b914ed994', 'a8e88d814b88c5e9aaab79db2b2cd68193daa42b5e59794cce0fa2681c2738d5', 4, 73, true);
insert into local.submission ( participation_id, task_id, trials_count, minutes_since_start, is_solved ) values ('75e5504c1a54400561bfbd53410bca4b87447d27cae90ec89cf3fa6b914ed994', '6a562f249f1633e4af75aa23951a97fdb1354a8fd6ce642cbd0efe9aea7d8f69', 2, 83, true);
insert into local.submission ( participation_id, task_id, trials_count, minutes_since_start, is_solved ) values ('75e5504c1a54400561bfbd53410bca4b87447d27cae90ec89cf3fa6b914ed994', 'a58f8628bf321f4426e92d65d18e781c47f5a89db2b4723ccdb763a62ec6c10d', 20, 0, false);

insert into local.submission ( participation_id, task_id, trials_count, minutes_since_start, is_solved ) values ('990994164285e1d637e951e133dbd41d3ee61975bb642efc3a78424f46ad443f', '4f765ded5b2118850150ca570071e650cf41860fede262eabeabb225f6b0160a', 1, 39, true);
insert into local.submission ( participation_id, task_id, trials_count, minutes_since_start, is_solved ) values ('990994164285e1d637e951e133dbd41d3ee61975bb642efc3a78424f46ad443f', '99a9b3323d67e9ce12e1a2cc9b4296299a584df6a363d433e06d026ff8d5fc8d', 5, 96, true);
insert into local.submission ( participation_id, task_id, trials_count, minutes_since_start, is_solved ) values ('990994164285e1d637e951e133dbd41d3ee61975bb642efc3a78424f46ad443f', '1a9e64d9b675ff676a1cf08f9de5ce02747b124e9bcfdf2620a32fd0465a1b18', 2, 67, true);
insert into local.submission ( participation_id, task_id, trials_count, minutes_since_start, is_solved ) values ('990994164285e1d637e951e133dbd41d3ee61975bb642efc3a78424f46ad443f', '648cf9b7299598f655a406d5e552a8d8bf5ecf3dd3e0858c980e0e74860b1ec0', 10, 292, true);
insert into local.submission ( participation_id, task_id, trials_count, minutes_since_start, is_solved ) values ('990994164285e1d637e951e133dbd41d3ee61975bb642efc3a78424f46ad443f', 'cdc165f3e4eec957b38df5cb4a6f05afa572927e6abee277677336819dc9bd00', 1, 31, true);
insert into local.submission ( participation_id, task_id, trials_count, minutes_since_start, is_solved ) values ('990994164285e1d637e951e133dbd41d3ee61975bb642efc3a78424f46ad443f', 'd7300edcf501f14972913036719deea40c21ffa71540932c683c75950c492d1c', 3, 0, false);
insert into local.submission ( participation_id, task_id, trials_count, minutes_since_start, is_solved ) values ('990994164285e1d637e951e133dbd41d3ee61975bb642efc3a78424f46ad443f', 'fc97bcdce5d251741592639eb05c6a15fcf7f35e988a86175fd144e3f1fb82fd', 1, 0, false);
insert into local.submission ( participation_id, task_id, trials_count, minutes_since_start, is_solved ) values ('990994164285e1d637e951e133dbd41d3ee61975bb642efc3a78424f46ad443f', 'a8e88d814b88c5e9aaab79db2b2cd68193daa42b5e59794cce0fa2681c2738d5', 2, 106, true);
insert into local.submission ( participation_id, task_id, trials_count, minutes_since_start, is_solved ) values ('990994164285e1d637e951e133dbd41d3ee61975bb642efc3a78424f46ad443f', '6a562f249f1633e4af75aa23951a97fdb1354a8fd6ce642cbd0efe9aea7d8f69', 2, 207, true);

insert into local.submission ( participation_id, task_id, trials_count, minutes_since_start, is_solved ) values ('4ab783bead80967d6514c25035c6a275393f3f39f019b563da428ce5f1e73f67', '4f765ded5b2118850150ca570071e650cf41860fede262eabeabb225f6b0160a', 1, 19, true);
insert into local.submission ( participation_id, task_id, trials_count, minutes_since_start, is_solved ) values ('4ab783bead80967d6514c25035c6a275393f3f39f019b563da428ce5f1e73f67', '1a9e64d9b675ff676a1cf08f9de5ce02747b124e9bcfdf2620a32fd0465a1b18', 1, 250, true);
insert into local.submission ( participation_id, task_id, trials_count, minutes_since_start, is_solved ) values ('4ab783bead80967d6514c25035c6a275393f3f39f019b563da428ce5f1e73f67', 'cdc165f3e4eec957b38df5cb4a6f05afa572927e6abee277677336819dc9bd00', 1, 292, true);
insert into local.submission ( participation_id, task_id, trials_count, minutes_since_start, is_solved ) values ('4ab783bead80967d6514c25035c6a275393f3f39f019b563da428ce5f1e73f67', 'a8e88d814b88c5e9aaab79db2b2cd68193daa42b5e59794cce0fa2681c2738d5', 3, 210, true);
insert into local.submission ( participation_id, task_id, trials_count, minutes_since_start, is_solved ) values ('4ab783bead80967d6514c25035c6a275393f3f39f019b563da428ce5f1e73f67', '6a562f249f1633e4af75aa23951a97fdb1354a8fd6ce642cbd0efe9aea7d8f69', 1, 273, true);
insert into local.submission ( participation_id, task_id, trials_count, minutes_since_start, is_solved ) values ('4ab783bead80967d6514c25035c6a275393f3f39f019b563da428ce5f1e73f67', 'a58f8628bf321f4426e92d65d18e781c47f5a89db2b4723ccdb763a62ec6c10d', 1, 0, false);

insert into local.submission ( participation_id, task_id, trials_count, minutes_since_start, is_solved ) values ('68a67b43930251bd29b0630a4c7b75d1feed6c44fb70a269bad1fe8cb3c89d32', '4f765ded5b2118850150ca570071e650cf41860fede262eabeabb225f6b0160a', 1, 11, true);
insert into local.submission ( participation_id, task_id, trials_count, minutes_since_start, is_solved ) values ('68a67b43930251bd29b0630a4c7b75d1feed6c44fb70a269bad1fe8cb3c89d32', '1a9e64d9b675ff676a1cf08f9de5ce02747b124e9bcfdf2620a32fd0465a1b18', 4, 234, true);
insert into local.submission ( participation_id, task_id, trials_count, minutes_since_start, is_solved ) values ('68a67b43930251bd29b0630a4c7b75d1feed6c44fb70a269bad1fe8cb3c89d32', 'cdc165f3e4eec957b38df5cb4a6f05afa572927e6abee277677336819dc9bd00', 1, 149, true);
insert into local.submission ( participation_id, task_id, trials_count, minutes_since_start, is_solved ) values ('68a67b43930251bd29b0630a4c7b75d1feed6c44fb70a269bad1fe8cb3c89d32', 'fc97bcdce5d251741592639eb05c6a15fcf7f35e988a86175fd144e3f1fb82fd', 1, 0, false);
insert into local.submission ( participation_id, task_id, trials_count, minutes_since_start, is_solved ) values ('68a67b43930251bd29b0630a4c7b75d1feed6c44fb70a269bad1fe8cb3c89d32', 'a8e88d814b88c5e9aaab79db2b2cd68193daa42b5e59794cce0fa2681c2738d5', 7, 0, false);
insert into local.submission ( participation_id, task_id, trials_count, minutes_since_start, is_solved ) values ('68a67b43930251bd29b0630a4c7b75d1feed6c44fb70a269bad1fe8cb3c89d32', '6a562f249f1633e4af75aa23951a97fdb1354a8fd6ce642cbd0efe9aea7d8f69', 2, 0, false);
insert into local.submission ( participation_id, task_id, trials_count, minutes_since_start, is_solved ) values ('68a67b43930251bd29b0630a4c7b75d1feed6c44fb70a269bad1fe8cb3c89d32', 'a58f8628bf321f4426e92d65d18e781c47f5a89db2b4723ccdb763a62ec6c10d', 1, 229, true);

insert into local.submission ( participation_id, task_id, trials_count, minutes_since_start, is_solved ) values ('fd193ec8aee4a6cbcfea6ee4034897cb708b761330bf685a6a99840f65741cac', '4f765ded5b2118850150ca570071e650cf41860fede262eabeabb225f6b0160a', 1, 24, true);
insert into local.submission ( participation_id, task_id, trials_count, minutes_since_start, is_solved ) values ('fd193ec8aee4a6cbcfea6ee4034897cb708b761330bf685a6a99840f65741cac', 'de9975eef72d35cb3436540022ed5636a9f6f4734254493a9d868bdf1fdc804c', 1, 0, false);
insert into local.submission ( participation_id, task_id, trials_count, minutes_since_start, is_solved ) values ('fd193ec8aee4a6cbcfea6ee4034897cb708b761330bf685a6a99840f65741cac', '1a9e64d9b675ff676a1cf08f9de5ce02747b124e9bcfdf2620a32fd0465a1b18', 1, 100, true);
insert into local.submission ( participation_id, task_id, trials_count, minutes_since_start, is_solved ) values ('fd193ec8aee4a6cbcfea6ee4034897cb708b761330bf685a6a99840f65741cac', '648cf9b7299598f655a406d5e552a8d8bf5ecf3dd3e0858c980e0e74860b1ec0', 4, 0, false);
insert into local.submission ( participation_id, task_id, trials_count, minutes_since_start, is_solved ) values ('fd193ec8aee4a6cbcfea6ee4034897cb708b761330bf685a6a99840f65741cac', 'a8e88d814b88c5e9aaab79db2b2cd68193daa42b5e59794cce0fa2681c2738d5', 1, 130, true);
insert into local.submission ( participation_id, task_id, trials_count, minutes_since_start, is_solved ) values ('fd193ec8aee4a6cbcfea6ee4034897cb708b761330bf685a6a99840f65741cac', 'a58f8628bf321f4426e92d65d18e781c47f5a89db2b4723ccdb763a62ec6c10d', 3, 0, false);

insert into local.submission ( participation_id, task_id, trials_count, minutes_since_start, is_solved ) values ('ce83b1e47bfad989636ef161dabfcbf1ad536edef52c9dbb087d5ebcad28e40b', '4f765ded5b2118850150ca570071e650cf41860fede262eabeabb225f6b0160a', 1, 98, true);
insert into local.submission ( participation_id, task_id, trials_count, minutes_since_start, is_solved ) values ('ce83b1e47bfad989636ef161dabfcbf1ad536edef52c9dbb087d5ebcad28e40b', '1a9e64d9b675ff676a1cf08f9de5ce02747b124e9bcfdf2620a32fd0465a1b18', 2, 189, true);
insert into local.submission ( participation_id, task_id, trials_count, minutes_since_start, is_solved ) values ('ce83b1e47bfad989636ef161dabfcbf1ad536edef52c9dbb087d5ebcad28e40b', 'cdc165f3e4eec957b38df5cb4a6f05afa572927e6abee277677336819dc9bd00', 2, 0, false);
insert into local.submission ( participation_id, task_id, trials_count, minutes_since_start, is_solved ) values ('ce83b1e47bfad989636ef161dabfcbf1ad536edef52c9dbb087d5ebcad28e40b', 'a8e88d814b88c5e9aaab79db2b2cd68193daa42b5e59794cce0fa2681c2738d5', 4, 0, false);
insert into local.submission ( participation_id, task_id, trials_count, minutes_since_start, is_solved ) values ('ce83b1e47bfad989636ef161dabfcbf1ad536edef52c9dbb087d5ebcad28e40b', 'a58f8628bf321f4426e92d65d18e781c47f5a89db2b4723ccdb763a62ec6c10d', 2, 0, false);

insert into local.submission ( participation_id, task_id, trials_count, minutes_since_start, is_solved ) values ('7cc4aaf007bc691c6c11732ddb9201ae7bb80f7cd523a42dbabdd2068c1138b2', '4f765ded5b2118850150ca570071e650cf41860fede262eabeabb225f6b0160a', 1, 32, true);
insert into local.submission ( participation_id, task_id, trials_count, minutes_since_start, is_solved ) values ('7cc4aaf007bc691c6c11732ddb9201ae7bb80f7cd523a42dbabdd2068c1138b2', '1a9e64d9b675ff676a1cf08f9de5ce02747b124e9bcfdf2620a32fd0465a1b18', 2, 0, false);
insert into local.submission ( participation_id, task_id, trials_count, minutes_since_start, is_solved ) values ('7cc4aaf007bc691c6c11732ddb9201ae7bb80f7cd523a42dbabdd2068c1138b2', 'cdc165f3e4eec957b38df5cb4a6f05afa572927e6abee277677336819dc9bd00', 5, 0, false);
insert into local.submission ( participation_id, task_id, trials_count, minutes_since_start, is_solved ) values ('7cc4aaf007bc691c6c11732ddb9201ae7bb80f7cd523a42dbabdd2068c1138b2', 'a8e88d814b88c5e9aaab79db2b2cd68193daa42b5e59794cce0fa2681c2738d5', 3, 255, true);

insert into local.submission ( participation_id, task_id, trials_count, minutes_since_start, is_solved ) values ('a7b64bb10055539dfe4ee299abc632c3741bdcf7ff5caf487ff9dfea98f51568', '4f765ded5b2118850150ca570071e650cf41860fede262eabeabb225f6b0160a', 2, 139, true);
insert into local.submission ( participation_id, task_id, trials_count, minutes_since_start, is_solved ) values ('a7b64bb10055539dfe4ee299abc632c3741bdcf7ff5caf487ff9dfea98f51568', 'd7300edcf501f14972913036719deea40c21ffa71540932c683c75950c492d1c', 1, 0, false);
insert into local.submission ( participation_id, task_id, trials_count, minutes_since_start, is_solved ) values ('a7b64bb10055539dfe4ee299abc632c3741bdcf7ff5caf487ff9dfea98f51568', 'a58f8628bf321f4426e92d65d18e781c47f5a89db2b4723ccdb763a62ec6c10d', 4, 277, true);

insert into local.submission ( participation_id, task_id, trials_count, minutes_since_start, is_solved ) values ('d806218f951c43160b0f6e2ac9973ca5b2100d5ef364fc29245a747b787a40fb', '4f765ded5b2118850150ca570071e650cf41860fede262eabeabb225f6b0160a', 1, 45, true);
insert into local.submission ( participation_id, task_id, trials_count, minutes_since_start, is_solved ) values ('d806218f951c43160b0f6e2ac9973ca5b2100d5ef364fc29245a747b787a40fb', '648cf9b7299598f655a406d5e552a8d8bf5ecf3dd3e0858c980e0e74860b1ec0', 1, 0, false);
insert into local.submission ( participation_id, task_id, trials_count, minutes_since_start, is_solved ) values ('d806218f951c43160b0f6e2ac9973ca5b2100d5ef364fc29245a747b787a40fb', 'a8e88d814b88c5e9aaab79db2b2cd68193daa42b5e59794cce0fa2681c2738d5', 3, 0, false);
insert into local.submission ( participation_id, task_id, trials_count, minutes_since_start, is_solved ) values ('d806218f951c43160b0f6e2ac9973ca5b2100d5ef364fc29245a747b787a40fb', 'a58f8628bf321f4426e92d65d18e781c47f5a89db2b4723ccdb763a62ec6c10d', 5, 0, false);

insert into local.submission ( participation_id, task_id, trials_count, minutes_since_start, is_solved ) values ('9c418f0b6d4a7dea27a18f2b29194614c804844c1b9be4eb8d1b4503313fdaea', '4f765ded5b2118850150ca570071e650cf41860fede262eabeabb225f6b0160a', 4, 38, true);
insert into local.submission ( participation_id, task_id, trials_count, minutes_since_start, is_solved ) values ('9c418f0b6d4a7dea27a18f2b29194614c804844c1b9be4eb8d1b4503313fdaea', '1a9e64d9b675ff676a1cf08f9de5ce02747b124e9bcfdf2620a32fd0465a1b18', 1, 0, false);
insert into local.submission ( participation_id, task_id, trials_count, minutes_since_start, is_solved ) values ('9c418f0b6d4a7dea27a18f2b29194614c804844c1b9be4eb8d1b4503313fdaea', 'cdc165f3e4eec957b38df5cb4a6f05afa572927e6abee277677336819dc9bd00', 17, 0, false);
insert into local.submission ( participation_id, task_id, trials_count, minutes_since_start, is_solved ) values ('9c418f0b6d4a7dea27a18f2b29194614c804844c1b9be4eb8d1b4503313fdaea', 'a8e88d814b88c5e9aaab79db2b2cd68193daa42b5e59794cce0fa2681c2738d5', 12, 0, false);

insert into local.submission ( participation_id, task_id, trials_count, minutes_since_start, is_solved ) values ('ac2a30ab44d9cd01e25fd0e65f51f605562c9b3feafe11c0d8869332fd1c35a8', '4f765ded5b2118850150ca570071e650cf41860fede262eabeabb225f6b0160a', 3, 189, true);
insert into local.submission ( participation_id, task_id, trials_count, minutes_since_start, is_solved ) values ('ac2a30ab44d9cd01e25fd0e65f51f605562c9b3feafe11c0d8869332fd1c35a8', 'fc97bcdce5d251741592639eb05c6a15fcf7f35e988a86175fd144e3f1fb82fd', 2, 0, false);
insert into local.submission ( participation_id, task_id, trials_count, minutes_since_start, is_solved ) values ('ac2a30ab44d9cd01e25fd0e65f51f605562c9b3feafe11c0d8869332fd1c35a8', 'a8e88d814b88c5e9aaab79db2b2cd68193daa42b5e59794cce0fa2681c2738d5', 3, 0, false);

insert into local.submission ( participation_id, task_id, trials_count, minutes_since_start, is_solved ) values ('0346c5532ca36b7612feef26b80c0219d9b41c29d83c684b1df35e0feda396ed', '4f765ded5b2118850150ca570071e650cf41860fede262eabeabb225f6b0160a', 4, 196, true);
insert into local.submission ( participation_id, task_id, trials_count, minutes_since_start, is_solved ) values ('0346c5532ca36b7612feef26b80c0219d9b41c29d83c684b1df35e0feda396ed', 'de9975eef72d35cb3436540022ed5636a9f6f4734254493a9d868bdf1fdc804c', 2, 0, false);
insert into local.submission ( participation_id, task_id, trials_count, minutes_since_start, is_solved ) values ('0346c5532ca36b7612feef26b80c0219d9b41c29d83c684b1df35e0feda396ed', '1a9e64d9b675ff676a1cf08f9de5ce02747b124e9bcfdf2620a32fd0465a1b18', 5, 0, false);
insert into local.submission ( participation_id, task_id, trials_count, minutes_since_start, is_solved ) values ('0346c5532ca36b7612feef26b80c0219d9b41c29d83c684b1df35e0feda396ed', 'a8e88d814b88c5e9aaab79db2b2cd68193daa42b5e59794cce0fa2681c2738d5', 6, 0, false);


insert into local.submission ( participation_id, task_id, trials_count, minutes_since_start, is_solved ) values ('fcada380972418fdaaf99df974e3d71b94652c031957f4f89a571a99ffa02624', '4f765ded5b2118850150ca570071e650cf41860fede262eabeabb225f6b0160a', 4, 197, true);
insert into local.submission ( participation_id, task_id, trials_count, minutes_since_start, is_solved ) values ('fcada380972418fdaaf99df974e3d71b94652c031957f4f89a571a99ffa02624', '1a9e64d9b675ff676a1cf08f9de5ce02747b124e9bcfdf2620a32fd0465a1b18', 1, 0, false);
insert into local.submission ( participation_id, task_id, trials_count, minutes_since_start, is_solved ) values ('fcada380972418fdaaf99df974e3d71b94652c031957f4f89a571a99ffa02624', 'a8e88d814b88c5e9aaab79db2b2cd68193daa42b5e59794cce0fa2681c2738d5', 2, 0, false);
insert into local.submission ( participation_id, task_id, trials_count, minutes_since_start, is_solved ) values ('fcada380972418fdaaf99df974e3d71b94652c031957f4f89a571a99ffa02624', 'a58f8628bf321f4426e92d65d18e781c47f5a89db2b4723ccdb763a62ec6c10d', 3, 0, false);


insert into local.submission ( participation_id, task_id, trials_count, minutes_since_start, is_solved ) values ('d8ad1e305395fa006585cbfffd87f22c9c552ce18012dc3b3cd3c26af6f927f7', '4f765ded5b2118850150ca570071e650cf41860fede262eabeabb225f6b0160a', 2, 0, false);
insert into local.submission ( participation_id, task_id, trials_count, minutes_since_start, is_solved ) values ('d8ad1e305395fa006585cbfffd87f22c9c552ce18012dc3b3cd3c26af6f927f7', 'de9975eef72d35cb3436540022ed5636a9f6f4734254493a9d868bdf1fdc804c', 1, 0, false);
insert into local.submission ( participation_id, task_id, trials_count, minutes_since_start, is_solved ) values ('d8ad1e305395fa006585cbfffd87f22c9c552ce18012dc3b3cd3c26af6f927f7', '1a9e64d9b675ff676a1cf08f9de5ce02747b124e9bcfdf2620a32fd0465a1b18', 1, 275, true);
insert into local.submission ( participation_id, task_id, trials_count, minutes_since_start, is_solved ) values ('d8ad1e305395fa006585cbfffd87f22c9c552ce18012dc3b3cd3c26af6f927f7', 'a8e88d814b88c5e9aaab79db2b2cd68193daa42b5e59794cce0fa2681c2738d5', 7, 0, false);

insert into local.submission ( participation_id, task_id, trials_count, minutes_since_start, is_solved ) values ('aca81d70de1e983fdc1942eb26b16d95eb7d57402332fb3da9cd78625544eb0c', '4f765ded5b2118850150ca570071e650cf41860fede262eabeabb225f6b0160a', 7, 199, true);
insert into local.submission ( participation_id, task_id, trials_count, minutes_since_start, is_solved ) values ('aca81d70de1e983fdc1942eb26b16d95eb7d57402332fb3da9cd78625544eb0c', '1a9e64d9b675ff676a1cf08f9de5ce02747b124e9bcfdf2620a32fd0465a1b18', 1, 0, false);
insert into local.submission ( participation_id, task_id, trials_count, minutes_since_start, is_solved ) values ('aca81d70de1e983fdc1942eb26b16d95eb7d57402332fb3da9cd78625544eb0c', 'a8e88d814b88c5e9aaab79db2b2cd68193daa42b5e59794cce0fa2681c2738d5', 2, 0, false);
insert into local.submission ( participation_id, task_id, trials_count, minutes_since_start, is_solved ) values ('aca81d70de1e983fdc1942eb26b16d95eb7d57402332fb3da9cd78625544eb0c', 'a58f8628bf321f4426e92d65d18e781c47f5a89db2b4723ccdb763a62ec6c10d', 1, 0, false);

insert into local.submission ( participation_id, task_id, trials_count, minutes_since_start, is_solved ) values ('4d9193803eff045f5772e968e859ac1da1d2971b9e7f46d4be8615d82f15f445', '4f765ded5b2118850150ca570071e650cf41860fede262eabeabb225f6b0160a', 7, 0, false);
insert into local.submission ( participation_id, task_id, trials_count, minutes_since_start, is_solved ) values ('4d9193803eff045f5772e968e859ac1da1d2971b9e7f46d4be8615d82f15f445', '1a9e64d9b675ff676a1cf08f9de5ce02747b124e9bcfdf2620a32fd0465a1b18', 3, 0, false);
insert into local.submission ( participation_id, task_id, trials_count, minutes_since_start, is_solved ) values ('4d9193803eff045f5772e968e859ac1da1d2971b9e7f46d4be8615d82f15f445', 'a8e88d814b88c5e9aaab79db2b2cd68193daa42b5e59794cce0fa2681c2738d5', 3, 0, false);
insert into local.submission ( participation_id, task_id, trials_count, minutes_since_start, is_solved ) values ('4d9193803eff045f5772e968e859ac1da1d2971b9e7f46d4be8615d82f15f445', 'a58f8628bf321f4426e92d65d18e781c47f5a89db2b4723ccdb763a62ec6c10d', 2, 0, false);

insert into local.submission ( participation_id, task_id, trials_count, minutes_since_start, is_solved ) values ('adfb438a709913a8538f33f685c62615b3fd29e604c9d2b9eb9105c3ac3ed8a4', 'a58f8628bf321f4426e92d65d18e781c47f5a89db2b4723ccdb763a62ec6c10d', 2, 0, false);

insert into local.submission ( participation_id, task_id, trials_count, minutes_since_start, is_solved ) values ('c3f7bdbad6c1d3a172b3101218f75c6413928bf45506b9d2c667bfc200308764', '4f765ded5b2118850150ca570071e650cf41860fede262eabeabb225f6b0160a', 7, 0, false);
insert into local.submission ( participation_id, task_id, trials_count, minutes_since_start, is_solved ) values ('c3f7bdbad6c1d3a172b3101218f75c6413928bf45506b9d2c667bfc200308764', 'a8e88d814b88c5e9aaab79db2b2cd68193daa42b5e59794cce0fa2681c2738d5', 2, 0, false);

insert into local.submission ( participation_id, task_id, trials_count, minutes_since_start, is_solved ) values ('77b543221efce50f0b60d6279acb29f8de5878666cc7376fd62af4d88a5f5a55', '4f765ded5b2118850150ca570071e650cf41860fede262eabeabb225f6b0160a', 10, 0, false);
insert into local.submission ( participation_id, task_id, trials_count, minutes_since_start, is_solved ) values ('77b543221efce50f0b60d6279acb29f8de5878666cc7376fd62af4d88a5f5a55', 'a58f8628bf321f4426e92d65d18e781c47f5a89db2b4723ccdb763a62ec6c10d', 7, 0, false);

insert into local.submission ( participation_id, task_id, trials_count, minutes_since_start, is_solved ) values ('a7606a4b967acfbd92f93cf4429b087d4d4c52bf97327b9c0ed2b5c71c4bd206', '4f765ded5b2118850150ca570071e650cf41860fede262eabeabb225f6b0160a', 23, 0, false);
insert into local.submission ( participation_id, task_id, trials_count, minutes_since_start, is_solved ) values ('a7606a4b967acfbd92f93cf4429b087d4d4c52bf97327b9c0ed2b5c71c4bd206', '99a9b3323d67e9ce12e1a2cc9b4296299a584df6a363d433e06d026ff8d5fc8d', 8, 0, false);

insert into local.submission ( participation_id, task_id, trials_count, minutes_since_start, is_solved ) values ('13c5d4d74a39e8d03c20f051e7aaea772c0f2830cc08c10eea5abae0495f1fcf', '4f765ded5b2118850150ca570071e650cf41860fede262eabeabb225f6b0160a', 6, 0, false);
insert into local.submission ( participation_id, task_id, trials_count, minutes_since_start, is_solved ) values ('13c5d4d74a39e8d03c20f051e7aaea772c0f2830cc08c10eea5abae0495f1fcf', '1a9e64d9b675ff676a1cf08f9de5ce02747b124e9bcfdf2620a32fd0465a1b18', 3, 0, false);
insert into local.submission ( participation_id, task_id, trials_count, minutes_since_start, is_solved ) values ('13c5d4d74a39e8d03c20f051e7aaea772c0f2830cc08c10eea5abae0495f1fcf', 'a58f8628bf321f4426e92d65d18e781c47f5a89db2b4723ccdb763a62ec6c10d', 8, 0, false);

insert into local.submission ( participation_id, task_id, trials_count, minutes_since_start, is_solved ) values ('a06c96137649d1e9f0bf6c334bf77a71036c474ae1a9283e95e695ad5abb4b8c', '4f765ded5b2118850150ca570071e650cf41860fede262eabeabb225f6b0160a', 3, 0, false);
insert into local.submission ( participation_id, task_id, trials_count, minutes_since_start, is_solved ) values ('a06c96137649d1e9f0bf6c334bf77a71036c474ae1a9283e95e695ad5abb4b8c', '1a9e64d9b675ff676a1cf08f9de5ce02747b124e9bcfdf2620a32fd0465a1b18', 2, 0, false);
